"U:0","U:1","U:2","p","vtkValidPointMask","arc_length","Points:0","Points:1","Points:2"
0,0,0,0.0026754,1,0,0.5,0,1
-0.00068615,7.9943e-06,0,0.0026753,1,0.001,0.5,0.001,1
-0.0013723,1.5989e-05,0,0.0026751,1,0.002,0.5,0.002,1
-0.0020584,2.3983e-05,0,0.0026749,1,0.003,0.5,0.003,1
-0.0027446,3.1977e-05,0,0.0026747,1,0.004,0.5,0.004,1
-0.0034307,3.9972e-05,0,0.0026745,1,0.005,0.5,0.005,1
-0.0041169,4.7966e-05,0,0.0026743,1,0.006,0.5,0.006,1
-0.004803,5.596e-05,0,0.0026741,1,0.007,0.5,0.007,1
-0.0054892,6.3955e-05,0,0.0026739,1,0.008,0.5,0.008,1
-0.0061753,7.1949e-05,0,0.0026737,1,0.009,0.5,0.009,1
-0.0068615,7.9943e-05,0,0.0026735,1,0.01,0.5,0.01,1
-0.0075476,8.7938e-05,0,0.0026733,1,0.011,0.5,0.011,1
-0.0082338,9.5932e-05,0,0.0026731,1,0.012,0.5,0.012,1
-0.0089199,0.00010393,0,0.0026729,1,0.013,0.5,0.013,1
-0.0096061,0.00011192,0,0.0026727,1,0.014,0.5,0.014,1
-0.010292,0.00011992,0,0.0026725,1,0.015,0.5,0.015,1
-0.010978,0.00012791,0,0.0026723,1,0.016,0.5,0.016,1
-0.011665,0.0001359,0,0.0026722,1,0.017,0.5,0.017,1
-0.012351,0.0001439,0,0.002672,1,0.018,0.5,0.018,1
-0.013037,0.00015189,0,0.0026718,1,0.019,0.5,0.019,1
-0.013723,0.00015989,0,0.0026716,1,0.02,0.5,0.02,1
-0.014409,0.00016788,0,0.0026714,1,0.021,0.5,0.021,1
-0.015095,0.00017588,0,0.0026712,1,0.022,0.5,0.022,1
-0.015781,0.00018387,0,0.002671,1,0.023,0.5,0.023,1
-0.016468,0.00019186,0,0.0026708,1,0.024,0.5,0.024,1
-0.017154,0.00019986,0,0.0026706,1,0.025,0.5,0.025,1
-0.01784,0.00020785,0,0.0026704,1,0.026,0.5,0.026,1
-0.018526,0.00021585,0,0.0026702,1,0.027,0.5,0.027,1
-0.019212,0.00022384,0,0.00267,1,0.028,0.5,0.028,1
-0.019898,0.00023184,0,0.0026698,1,0.029,0.5,0.029,1
-0.020584,0.00023983,0,0.0026696,1,0.03,0.5,0.03,1
-0.021271,0.00024782,0,0.0026694,1,0.031,0.5,0.031,1
-0.021957,0.00025582,0,0.0026692,1,0.032,0.5,0.032,1
-0.022643,0.00026381,0,0.0026691,1,0.033,0.5,0.033,1
-0.023329,0.00027181,0,0.0026689,1,0.034,0.5,0.034,1
-0.024015,0.0002798,0,0.0026687,1,0.035,0.5,0.035,1
-0.024701,0.0002878,0,0.0026685,1,0.036,0.5,0.036,1
-0.025387,0.00029579,0,0.0026683,1,0.037,0.5,0.037,1
-0.026074,0.00030379,0,0.0026681,1,0.038,0.5,0.038,1
-0.02676,0.00031178,0,0.0026679,1,0.039,0.5,0.039,1
-0.027446,0.00031977,0,0.0026677,1,0.04,0.5,0.04,1
-0.028132,0.00032777,0,0.0026675,1,0.041,0.5,0.041,1
-0.028818,0.00033576,0,0.0026673,1,0.042,0.5,0.042,1
-0.029504,0.00034376,0,0.0026671,1,0.043,0.5,0.043,1
-0.03019,0.00035175,0,0.0026669,1,0.044,0.5,0.044,1
-0.030877,0.00035975,0,0.0026667,1,0.045,0.5,0.045,1
-0.031563,0.00036774,0,0.0026665,1,0.046,0.5,0.046,1
-0.032249,0.00037573,0,0.0026663,1,0.047,0.5,0.047,1
-0.032935,0.00038373,0,0.0026661,1,0.048,0.5,0.048,1
-0.033621,0.00039172,0,0.0026659,1,0.049,0.5,0.049,1
-0.034307,0.00039972,0,0.0026658,1,0.05,0.5,0.05,1
-0.034886,0.00041252,0,0.0026633,1,0.051,0.5,0.051,1
-0.035465,0.00042533,0,0.0026609,1,0.052,0.5,0.052,1
-0.036044,0.00043813,0,0.0026584,1,0.053,0.5,0.053,1
-0.036623,0.00045094,0,0.002656,1,0.054,0.5,0.054,1
-0.037202,0.00046374,0,0.0026535,1,0.055,0.5,0.055,1
-0.037781,0.00047655,0,0.0026511,1,0.056,0.5,0.056,1
-0.03836,0.00048935,0,0.0026486,1,0.057,0.5,0.057,1
-0.038939,0.00050215,0,0.0026462,1,0.058,0.5,0.058,1
-0.039518,0.00051496,0,0.0026438,1,0.059,0.5,0.059,1
-0.040097,0.00052776,0,0.0026413,1,0.06,0.5,0.06,1
-0.040676,0.00054057,0,0.0026389,1,0.061,0.5,0.061,1
-0.041255,0.00055337,0,0.0026364,1,0.062,0.5,0.062,1
-0.041834,0.00056618,0,0.002634,1,0.063,0.5,0.063,1
-0.042413,0.00057898,0,0.0026315,1,0.064,0.5,0.064,1
-0.042992,0.00059179,0,0.0026291,1,0.065,0.5,0.065,1
-0.043571,0.00060459,0,0.0026267,1,0.066,0.5,0.066,1
-0.04415,0.0006174,0,0.0026242,1,0.067,0.5,0.067,1
-0.044729,0.0006302,0,0.0026218,1,0.068,0.5,0.068,1
-0.045308,0.00064301,0,0.0026193,1,0.069,0.5,0.069,1
-0.045887,0.00065581,0,0.0026169,1,0.07,0.5,0.07,1
-0.046466,0.00066862,0,0.0026144,1,0.071,0.5,0.071,1
-0.047045,0.00068142,0,0.002612,1,0.072,0.5,0.072,1
-0.047624,0.00069422,0,0.0026095,1,0.073,0.5,0.073,1
-0.048202,0.00070703,0,0.0026071,1,0.074,0.5,0.074,1
-0.048781,0.00071983,0,0.0026047,1,0.075,0.5,0.075,1
-0.04936,0.00073264,0,0.0026022,1,0.076,0.5,0.076,1
-0.049939,0.00074544,0,0.0025998,1,0.077,0.5,0.077,1
-0.050518,0.00075825,0,0.0025973,1,0.078,0.5,0.078,1
-0.051097,0.00077105,0,0.0025949,1,0.079,0.5,0.079,1
-0.051676,0.00078386,0,0.0025924,1,0.08,0.5,0.08,1
-0.052255,0.00079666,0,0.00259,1,0.081,0.5,0.081,1
-0.052834,0.00080947,0,0.0025875,1,0.082,0.5,0.082,1
-0.053413,0.00082227,0,0.0025851,1,0.083,0.5,0.083,1
-0.053992,0.00083508,0,0.0025827,1,0.084,0.5,0.084,1
-0.054571,0.00084788,0,0.0025802,1,0.085,0.5,0.085,1
-0.05515,0.00086069,0,0.0025778,1,0.086,0.5,0.086,1
-0.055729,0.00087349,0,0.0025753,1,0.087,0.5,0.087,1
-0.056308,0.00088629,0,0.0025729,1,0.088,0.5,0.088,1
-0.056887,0.0008991,0,0.0025704,1,0.089,0.5,0.089,1
-0.057466,0.0009119,0,0.002568,1,0.09,0.5,0.09,1
-0.058045,0.00092471,0,0.0025656,1,0.091,0.5,0.091,1
-0.058624,0.00093751,0,0.0025631,1,0.092,0.5,0.092,1
-0.059203,0.00095032,0,0.0025607,1,0.093,0.5,0.093,1
-0.059782,0.00096312,0,0.0025582,1,0.094,0.5,0.094,1
-0.060361,0.00097593,0,0.0025558,1,0.095,0.5,0.095,1
-0.06094,0.00098873,0,0.0025533,1,0.096,0.5,0.096,1
-0.061519,0.0010015,0,0.0025509,1,0.097,0.5,0.097,1
-0.062098,0.0010143,0,0.0025484,1,0.098,0.5,0.098,1
-0.062677,0.0010271,0,0.002546,1,0.099,0.5,0.099,1
-0.063256,0.00104,0,0.0025436,1,0.1,0.5,0.1,1
-0.063772,0.0010584,0,0.0025349,1,0.101,0.5,0.101,1
-0.064289,0.0010769,0,0.0025263,1,0.102,0.5,0.102,1
-0.064805,0.0010954,0,0.0025177,1,0.103,0.5,0.103,1
-0.065322,0.0011139,0,0.0025091,1,0.104,0.5,0.104,1
-0.065838,0.0011323,0,0.0025005,1,0.105,0.5,0.105,1
-0.066355,0.0011508,0,0.0024919,1,0.106,0.5,0.106,1
-0.066871,0.0011693,0,0.0024833,1,0.107,0.5,0.107,1
-0.067388,0.0011878,0,0.0024747,1,0.108,0.5,0.108,1
-0.067905,0.0012062,0,0.0024661,1,0.109,0.5,0.109,1
-0.068421,0.0012247,0,0.0024575,1,0.11,0.5,0.11,1
-0.068938,0.0012432,0,0.0024489,1,0.111,0.5,0.111,1
-0.069454,0.0012617,0,0.0024402,1,0.112,0.5,0.112,1
-0.069971,0.0012801,0,0.0024316,1,0.113,0.5,0.113,1
-0.070487,0.0012986,0,0.002423,1,0.114,0.5,0.114,1
-0.071004,0.0013171,0,0.0024144,1,0.115,0.5,0.115,1
-0.07152,0.0013356,0,0.0024058,1,0.116,0.5,0.116,1
-0.072037,0.001354,0,0.0023972,1,0.117,0.5,0.117,1
-0.072554,0.0013725,0,0.0023886,1,0.118,0.5,0.118,1
-0.07307,0.001391,0,0.00238,1,0.119,0.5,0.119,1
-0.073587,0.0014095,0,0.0023714,1,0.12,0.5,0.12,1
-0.074103,0.0014279,0,0.0023628,1,0.121,0.5,0.121,1
-0.07462,0.0014464,0,0.0023542,1,0.122,0.5,0.122,1
-0.075136,0.0014649,0,0.0023455,1,0.123,0.5,0.123,1
-0.075653,0.0014834,0,0.0023369,1,0.124,0.5,0.124,1
-0.076169,0.0015019,0,0.0023283,1,0.125,0.5,0.125,1
-0.076686,0.0015203,0,0.0023197,1,0.126,0.5,0.126,1
-0.077203,0.0015388,0,0.0023111,1,0.127,0.5,0.127,1
-0.077719,0.0015573,0,0.0023025,1,0.128,0.5,0.128,1
-0.078236,0.0015758,0,0.0022939,1,0.129,0.5,0.129,1
-0.078752,0.0015942,0,0.0022853,1,0.13,0.5,0.13,1
-0.079269,0.0016127,0,0.0022767,1,0.131,0.5,0.131,1
-0.079785,0.0016312,0,0.0022681,1,0.132,0.5,0.132,1
-0.080302,0.0016497,0,0.0022594,1,0.133,0.5,0.133,1
-0.080819,0.0016681,0,0.0022508,1,0.134,0.5,0.134,1
-0.081335,0.0016866,0,0.0022422,1,0.135,0.5,0.135,1
-0.081852,0.0017051,0,0.0022336,1,0.136,0.5,0.136,1
-0.082368,0.0017236,0,0.002225,1,0.137,0.5,0.137,1
-0.082885,0.001742,0,0.0022164,1,0.138,0.5,0.138,1
-0.083401,0.0017605,0,0.0022078,1,0.139,0.5,0.139,1
-0.083918,0.001779,0,0.0021992,1,0.14,0.5,0.14,1
-0.084434,0.0017975,0,0.0021906,1,0.141,0.5,0.141,1
-0.084951,0.0018159,0,0.002182,1,0.142,0.5,0.142,1
-0.085468,0.0018344,0,0.0021734,1,0.143,0.5,0.143,1
-0.085984,0.0018529,0,0.0021647,1,0.144,0.5,0.144,1
-0.086501,0.0018714,0,0.0021561,1,0.145,0.5,0.145,1
-0.087017,0.0018898,0,0.0021475,1,0.146,0.5,0.146,1
-0.087534,0.0019083,0,0.0021389,1,0.147,0.5,0.147,1
-0.08805,0.0019268,0,0.0021303,1,0.148,0.5,0.148,1
-0.088567,0.0019453,0,0.0021217,1,0.149,0.5,0.149,1
-0.089083,0.0019638,0,0.0021131,1,0.15,0.5,0.15,1
-0.089567,0.0019947,0,0.0020939,1,0.151,0.5,0.151,1
-0.090051,0.0020256,0,0.0020746,1,0.152,0.5,0.152,1
-0.090534,0.0020565,0,0.0020554,1,0.153,0.5,0.153,1
-0.091018,0.0020875,0,0.0020362,1,0.154,0.5,0.154,1
-0.091501,0.0021184,0,0.002017,1,0.155,0.5,0.155,1
-0.091985,0.0021493,0,0.0019978,1,0.156,0.5,0.156,1
-0.092469,0.0021802,0,0.0019785,1,0.157,0.5,0.157,1
-0.092952,0.0022112,0,0.0019593,1,0.158,0.5,0.158,1
-0.093436,0.0022421,0,0.0019401,1,0.159,0.5,0.159,1
-0.093919,0.002273,0,0.0019209,1,0.16,0.5,0.16,1
-0.094403,0.002304,0,0.0019016,1,0.161,0.5,0.161,1
-0.094887,0.0023349,0,0.0018824,1,0.162,0.5,0.162,1
-0.09537,0.0023658,0,0.0018632,1,0.163,0.5,0.163,1
-0.095854,0.0023967,0,0.001844,1,0.164,0.5,0.164,1
-0.096337,0.0024277,0,0.0018248,1,0.165,0.5,0.165,1
-0.096821,0.0024586,0,0.0018055,1,0.166,0.5,0.166,1
-0.097305,0.0024895,0,0.0017863,1,0.167,0.5,0.167,1
-0.097788,0.0025204,0,0.0017671,1,0.168,0.5,0.168,1
-0.098272,0.0025514,0,0.0017479,1,0.169,0.5,0.169,1
-0.098755,0.0025823,0,0.0017286,1,0.17,0.5,0.17,1
-0.099239,0.0026132,0,0.0017094,1,0.171,0.5,0.171,1
-0.099723,0.0026442,0,0.0016902,1,0.172,0.5,0.172,1
-0.10021,0.0026751,0,0.001671,1,0.173,0.5,0.173,1
-0.10069,0.002706,0,0.0016518,1,0.174,0.5,0.174,1
-0.10117,0.0027369,0,0.0016325,1,0.175,0.5,0.175,1
-0.10166,0.0027679,0,0.0016133,1,0.176,0.5,0.176,1
-0.10214,0.0027988,0,0.0015941,1,0.177,0.5,0.177,1
-0.10262,0.0028297,0,0.0015749,1,0.178,0.5,0.178,1
-0.10311,0.0028606,0,0.0015556,1,0.179,0.5,0.179,1
-0.10359,0.0028916,0,0.0015364,1,0.18,0.5,0.18,1
-0.10407,0.0029225,0,0.0015172,1,0.181,0.5,0.181,1
-0.10456,0.0029534,0,0.001498,1,0.182,0.5,0.182,1
-0.10504,0.0029844,0,0.0014787,1,0.183,0.5,0.183,1
-0.10553,0.0030153,0,0.0014595,1,0.184,0.5,0.184,1
-0.10601,0.0030462,0,0.0014403,1,0.185,0.5,0.185,1
-0.10649,0.0030771,0,0.0014211,1,0.186,0.5,0.186,1
-0.10698,0.0031081,0,0.0014019,1,0.187,0.5,0.187,1
-0.10746,0.003139,0,0.0013826,1,0.188,0.5,0.188,1
-0.10794,0.0031699,0,0.0013634,1,0.189,0.5,0.189,1
-0.10843,0.0032008,0,0.0013442,1,0.19,0.5,0.19,1
-0.10891,0.0032318,0,0.001325,1,0.191,0.5,0.191,1
-0.10939,0.0032627,0,0.0013057,1,0.192,0.5,0.192,1
-0.10988,0.0032936,0,0.0012865,1,0.193,0.5,0.193,1
-0.11036,0.0033246,0,0.0012673,1,0.194,0.5,0.194,1
-0.11085,0.0033555,0,0.0012481,1,0.195,0.5,0.195,1
-0.11133,0.0033864,0,0.0012289,1,0.196,0.5,0.196,1
-0.11181,0.0034173,0,0.0012096,1,0.197,0.5,0.197,1
-0.1123,0.0034483,0,0.0011904,1,0.198,0.5,0.198,1
-0.11278,0.0034792,0,0.0011712,1,0.199,0.5,0.199,1
-0.11326,0.0035101,0,0.001152,1,0.2,0.5,0.2,1
-0.11373,0.0035648,0,0.0011167,1,0.201,0.5,0.201,1
-0.11419,0.0036195,0,0.0010813,1,0.202,0.5,0.202,1
-0.11465,0.0036741,0,0.001046,1,0.203,0.5,0.203,1
-0.11511,0.0037288,0,0.0010107,1,0.204,0.5,0.204,1
-0.11557,0.0037835,0,0.0009754,1,0.205,0.5,0.205,1
-0.11603,0.0038382,0,0.00094008,1,0.206,0.5,0.206,1
-0.1165,0.0038928,0,0.00090477,1,0.207,0.5,0.207,1
-0.11696,0.0039475,0,0.00086945,1,0.208,0.5,0.208,1
-0.11742,0.0040022,0,0.00083414,1,0.209,0.5,0.209,1
-0.11788,0.0040569,0,0.00079882,1,0.21,0.5,0.21,1
-0.11834,0.0041115,0,0.00076351,1,0.211,0.5,0.211,1
-0.11881,0.0041662,0,0.00072819,1,0.212,0.5,0.212,1
-0.11927,0.0042209,0,0.00069288,1,0.213,0.5,0.213,1
-0.11973,0.0042755,0,0.00065757,1,0.214,0.5,0.214,1
-0.12019,0.0043302,0,0.00062225,1,0.215,0.5,0.215,1
-0.12065,0.0043849,0,0.00058694,1,0.216,0.5,0.216,1
-0.12112,0.0044396,0,0.00055162,1,0.217,0.5,0.217,1
-0.12158,0.0044942,0,0.00051631,1,0.218,0.5,0.218,1
-0.12204,0.0045489,0,0.00048099,1,0.219,0.5,0.219,1
-0.1225,0.0046036,0,0.00044568,1,0.22,0.5,0.22,1
-0.12296,0.0046583,0,0.00041036,1,0.221,0.5,0.221,1
-0.12343,0.0047129,0,0.00037505,1,0.222,0.5,0.222,1
-0.12389,0.0047676,0,0.00033974,1,0.223,0.5,0.223,1
-0.12435,0.0048223,0,0.00030442,1,0.224,0.5,0.224,1
-0.12481,0.004877,0,0.00026911,1,0.225,0.5,0.225,1
-0.12527,0.0049316,0,0.00023379,1,0.226,0.5,0.226,1
-0.12574,0.0049863,0,0.00019848,1,0.227,0.5,0.227,1
-0.1262,0.005041,0,0.00016316,1,0.228,0.5,0.228,1
-0.12666,0.0050956,0,0.00012785,1,0.229,0.5,0.229,1
-0.12712,0.0051503,0,9.2535e-05,1,0.23,0.5,0.23,1
-0.12758,0.005205,0,5.722e-05,1,0.231,0.5,0.231,1
-0.12805,0.0052597,0,2.1906e-05,1,0.232,0.5,0.232,1
-0.12851,0.0053143,0,-1.3408e-05,1,0.233,0.5,0.233,1
-0.12897,0.005369,0,-4.8723e-05,1,0.234,0.5,0.234,1
-0.12943,0.0054237,0,-8.4037e-05,1,0.235,0.5,0.235,1
-0.12989,0.0054784,0,-0.00011935,1,0.236,0.5,0.236,1
-0.13036,0.005533,0,-0.00015467,1,0.237,0.5,0.237,1
-0.13082,0.0055877,0,-0.00018998,1,0.238,0.5,0.238,1
-0.13128,0.0056424,0,-0.00022529,1,0.239,0.5,0.239,1
-0.13174,0.0056971,0,-0.00026061,1,0.24,0.5,0.24,1
-0.1322,0.0057517,0,-0.00029592,1,0.241,0.5,0.241,1
-0.13267,0.0058064,0,-0.00033124,1,0.242,0.5,0.242,1
-0.13313,0.0058611,0,-0.00036655,1,0.243,0.5,0.243,1
-0.13359,0.0059158,0,-0.00040187,1,0.244,0.5,0.244,1
-0.13405,0.0059704,0,-0.00043718,1,0.245,0.5,0.245,1
-0.13451,0.0060251,0,-0.0004725,1,0.246,0.5,0.246,1
-0.13498,0.0060798,0,-0.00050781,1,0.247,0.5,0.247,1
-0.13544,0.0061344,0,-0.00054312,1,0.248,0.5,0.248,1
-0.1359,0.0061891,0,-0.00057844,1,0.249,0.5,0.249,1
-0.13636,0.0062438,0,-0.00061375,1,0.25,0.5,0.25,1
-0.13679,0.0063364,0,-0.0006719,1,0.251,0.5,0.251,1
-0.13723,0.0064289,0,-0.00073005,1,0.252,0.5,0.252,1
-0.13766,0.0065215,0,-0.0007882,1,0.253,0.5,0.253,1
-0.13809,0.006614,0,-0.00084635,1,0.254,0.5,0.254,1
-0.13853,0.0067066,0,-0.0009045,1,0.255,0.5,0.255,1
-0.13896,0.0067992,0,-0.00096264,1,0.256,0.5,0.256,1
-0.1394,0.0068917,0,-0.0010208,1,0.257,0.5,0.257,1
-0.13983,0.0069843,0,-0.0010789,1,0.258,0.5,0.258,1
-0.14026,0.0070769,0,-0.0011371,1,0.259,0.5,0.259,1
-0.1407,0.0071694,0,-0.0011952,1,0.26,0.5,0.26,1
-0.14113,0.007262,0,-0.0012534,1,0.261,0.5,0.261,1
-0.14156,0.0073546,0,-0.0013115,1,0.262,0.5,0.262,1
-0.142,0.0074471,0,-0.0013697,1,0.263,0.5,0.263,1
-0.14243,0.0075397,0,-0.0014278,1,0.264,0.5,0.264,1
-0.14286,0.0076322,0,-0.001486,1,0.265,0.5,0.265,1
-0.1433,0.0077248,0,-0.0015441,1,0.266,0.5,0.266,1
-0.14373,0.0078174,0,-0.0016023,1,0.267,0.5,0.267,1
-0.14416,0.0079099,0,-0.0016604,1,0.268,0.5,0.268,1
-0.1446,0.0080025,0,-0.0017186,1,0.269,0.5,0.269,1
-0.14503,0.0080951,0,-0.0017767,1,0.27,0.5,0.27,1
-0.14546,0.0081876,0,-0.0018349,1,0.271,0.5,0.271,1
-0.1459,0.0082802,0,-0.001893,1,0.272,0.5,0.272,1
-0.14633,0.0083727,0,-0.0019512,1,0.273,0.5,0.273,1
-0.14676,0.0084653,0,-0.0020093,1,0.274,0.5,0.274,1
-0.1472,0.0085579,0,-0.0020675,1,0.275,0.5,0.275,1
-0.14763,0.0086504,0,-0.0021256,1,0.276,0.5,0.276,1
-0.14807,0.008743,0,-0.0021838,1,0.277,0.5,0.277,1
-0.1485,0.0088356,0,-0.0022419,1,0.278,0.5,0.278,1
-0.14893,0.0089281,0,-0.0023001,1,0.279,0.5,0.279,1
-0.14937,0.0090207,0,-0.0023582,1,0.28,0.5,0.28,1
-0.1498,0.0091133,0,-0.0024164,1,0.281,0.5,0.281,1
-0.15023,0.0092058,0,-0.0024745,1,0.282,0.5,0.282,1
-0.15067,0.0092984,0,-0.0025327,1,0.283,0.5,0.283,1
-0.1511,0.0093909,0,-0.0025908,1,0.284,0.5,0.284,1
-0.15153,0.0094835,0,-0.0026489,1,0.285,0.5,0.285,1
-0.15197,0.0095761,0,-0.0027071,1,0.286,0.5,0.286,1
-0.1524,0.0096686,0,-0.0027652,1,0.287,0.5,0.287,1
-0.15283,0.0097612,0,-0.0028234,1,0.288,0.5,0.288,1
-0.15327,0.0098538,0,-0.0028815,1,0.289,0.5,0.289,1
-0.1537,0.0099463,0,-0.0029397,1,0.29,0.5,0.29,1
-0.15413,0.010039,0,-0.0029978,1,0.291,0.5,0.291,1
-0.15457,0.010131,0,-0.003056,1,0.292,0.5,0.292,1
-0.155,0.010224,0,-0.0031141,1,0.293,0.5,0.293,1
-0.15543,0.010317,0,-0.0031723,1,0.294,0.5,0.294,1
-0.15587,0.010409,0,-0.0032304,1,0.295,0.5,0.295,1
-0.1563,0.010502,0,-0.0032886,1,0.296,0.5,0.296,1
-0.15674,0.010594,0,-0.0033467,1,0.297,0.5,0.297,1
-0.15717,0.010687,0,-0.0034049,1,0.298,0.5,0.298,1
-0.1576,0.010779,0,-0.003463,1,0.299,0.5,0.299,1
-0.15804,0.010872,0,-0.0035212,1,0.3,0.5,0.3,1
-0.15841,0.011016,0,-0.0036096,1,0.301,0.5,0.301,1
-0.15879,0.011161,0,-0.0036979,1,0.302,0.5,0.302,1
-0.15917,0.011305,0,-0.0037863,1,0.303,0.5,0.303,1
-0.15955,0.01145,0,-0.0038747,1,0.304,0.5,0.304,1
-0.15993,0.011594,0,-0.0039631,1,0.305,0.5,0.305,1
-0.16031,0.011739,0,-0.0040514,1,0.306,0.5,0.306,1
-0.16069,0.011883,0,-0.0041398,1,0.307,0.5,0.307,1
-0.16107,0.012027,0,-0.0042282,1,0.308,0.5,0.308,1
-0.16145,0.012172,0,-0.0043166,1,0.309,0.5,0.309,1
-0.16183,0.012316,0,-0.0044049,1,0.31,0.5,0.31,1
-0.16221,0.012461,0,-0.0044933,1,0.311,0.5,0.311,1
-0.16258,0.012605,0,-0.0045817,1,0.312,0.5,0.312,1
-0.16296,0.01275,0,-0.0046701,1,0.313,0.5,0.313,1
-0.16334,0.012894,0,-0.0047584,1,0.314,0.5,0.314,1
-0.16372,0.013039,0,-0.0048468,1,0.315,0.5,0.315,1
-0.1641,0.013183,0,-0.0049352,1,0.316,0.5,0.316,1
-0.16448,0.013327,0,-0.0050236,1,0.317,0.5,0.317,1
-0.16486,0.013472,0,-0.0051119,1,0.318,0.5,0.318,1
-0.16524,0.013616,0,-0.0052003,1,0.319,0.5,0.319,1
-0.16562,0.013761,0,-0.0052887,1,0.32,0.5,0.32,1
-0.166,0.013905,0,-0.0053771,1,0.321,0.5,0.321,1
-0.16638,0.01405,0,-0.0054654,1,0.322,0.5,0.322,1
-0.16675,0.014194,0,-0.0055538,1,0.323,0.5,0.323,1
-0.16713,0.014338,0,-0.0056422,1,0.324,0.5,0.324,1
-0.16751,0.014483,0,-0.0057306,1,0.325,0.5,0.325,1
-0.16789,0.014627,0,-0.005819,1,0.326,0.5,0.326,1
-0.16827,0.014772,0,-0.0059073,1,0.327,0.5,0.327,1
-0.16865,0.014916,0,-0.0059957,1,0.328,0.5,0.328,1
-0.16903,0.015061,0,-0.0060841,1,0.329,0.5,0.329,1
-0.16941,0.015205,0,-0.0061725,1,0.33,0.5,0.33,1
-0.16979,0.01535,0,-0.0062608,1,0.331,0.5,0.331,1
-0.17017,0.015494,0,-0.0063492,1,0.332,0.5,0.332,1
-0.17054,0.015638,0,-0.0064376,1,0.333,0.5,0.333,1
-0.17092,0.015783,0,-0.006526,1,0.334,0.5,0.334,1
-0.1713,0.015927,0,-0.0066143,1,0.335,0.5,0.335,1
-0.17168,0.016072,0,-0.0067027,1,0.336,0.5,0.336,1
-0.17206,0.016216,0,-0.0067911,1,0.337,0.5,0.337,1
-0.17244,0.016361,0,-0.0068795,1,0.338,0.5,0.338,1
-0.17282,0.016505,0,-0.0069678,1,0.339,0.5,0.339,1
-0.1732,0.01665,0,-0.0070562,1,0.34,0.5,0.34,1
-0.17358,0.016794,0,-0.0071446,1,0.341,0.5,0.341,1
-0.17396,0.016938,0,-0.007233,1,0.342,0.5,0.342,1
-0.17434,0.017083,0,-0.0073213,1,0.343,0.5,0.343,1
-0.17471,0.017227,0,-0.0074097,1,0.344,0.5,0.344,1
-0.17509,0.017372,0,-0.0074981,1,0.345,0.5,0.345,1
-0.17547,0.017516,0,-0.0075865,1,0.346,0.5,0.346,1
-0.17585,0.017661,0,-0.0076748,1,0.347,0.5,0.347,1
-0.17623,0.017805,0,-0.0077632,1,0.348,0.5,0.348,1
-0.17661,0.017949,0,-0.0078516,1,0.349,0.5,0.349,1
-0.17699,0.018094,0,-0.00794,1,0.35,0.5,0.35,1
-0.17727,0.0183,0,-0.008065,1,0.351,0.5,0.351,1
-0.17755,0.018506,0,-0.0081901,1,0.352,0.5,0.352,1
-0.17783,0.018713,0,-0.0083151,1,0.353,0.5,0.353,1
-0.17811,0.018919,0,-0.0084402,1,0.354,0.5,0.354,1
-0.17839,0.019125,0,-0.0085652,1,0.355,0.5,0.355,1
-0.17867,0.019332,0,-0.0086903,1,0.356,0.5,0.356,1
-0.17895,0.019538,0,-0.0088153,1,0.357,0.5,0.357,1
-0.17923,0.019744,0,-0.0089404,1,0.358,0.5,0.358,1
-0.17951,0.019951,0,-0.0090654,1,0.359,0.5,0.359,1
-0.1798,0.020157,0,-0.0091905,1,0.36,0.5,0.36,1
-0.18008,0.020363,0,-0.0093155,1,0.361,0.5,0.361,1
-0.18036,0.020569,0,-0.0094406,1,0.362,0.5,0.362,1
-0.18064,0.020776,0,-0.0095656,1,0.363,0.5,0.363,1
-0.18092,0.020982,0,-0.0096907,1,0.364,0.5,0.364,1
-0.1812,0.021188,0,-0.0098157,1,0.365,0.5,0.365,1
-0.18148,0.021395,0,-0.0099408,1,0.366,0.5,0.366,1
-0.18176,0.021601,0,-0.010066,1,0.367,0.5,0.367,1
-0.18204,0.021807,0,-0.010191,1,0.368,0.5,0.368,1
-0.18232,0.022013,0,-0.010316,1,0.369,0.5,0.369,1
-0.1826,0.02222,0,-0.010441,1,0.37,0.5,0.37,1
-0.18288,0.022426,0,-0.010566,1,0.371,0.5,0.371,1
-0.18316,0.022632,0,-0.010691,1,0.372,0.5,0.372,1
-0.18344,0.022839,0,-0.010816,1,0.373,0.5,0.373,1
-0.18372,0.023045,0,-0.010941,1,0.374,0.5,0.374,1
-0.18401,0.023251,0,-0.011066,1,0.375,0.5,0.375,1
-0.18429,0.023457,0,-0.011191,1,0.376,0.5,0.376,1
-0.18457,0.023664,0,-0.011316,1,0.377,0.5,0.377,1
-0.18485,0.02387,0,-0.011441,1,0.378,0.5,0.378,1
-0.18513,0.024076,0,-0.011566,1,0.379,0.5,0.379,1
-0.18541,0.024283,0,-0.011692,1,0.38,0.5,0.38,1
-0.18569,0.024489,0,-0.011817,1,0.381,0.5,0.381,1
-0.18597,0.024695,0,-0.011942,1,0.382,0.5,0.382,1
-0.18625,0.024901,0,-0.012067,1,0.383,0.5,0.383,1
-0.18653,0.025108,0,-0.012192,1,0.384,0.5,0.384,1
-0.18681,0.025314,0,-0.012317,1,0.385,0.5,0.385,1
-0.18709,0.02552,0,-0.012442,1,0.386,0.5,0.386,1
-0.18737,0.025727,0,-0.012567,1,0.387,0.5,0.387,1
-0.18765,0.025933,0,-0.012692,1,0.388,0.5,0.388,1
-0.18793,0.026139,0,-0.012817,1,0.389,0.5,0.389,1
-0.18822,0.026346,0,-0.012942,1,0.39,0.5,0.39,1
-0.1885,0.026552,0,-0.013067,1,0.391,0.5,0.391,1
-0.18878,0.026758,0,-0.013192,1,0.392,0.5,0.392,1
-0.18906,0.026964,0,-0.013317,1,0.393,0.5,0.393,1
-0.18934,0.027171,0,-0.013442,1,0.394,0.5,0.394,1
-0.18962,0.027377,0,-0.013567,1,0.395,0.5,0.395,1
-0.1899,0.027583,0,-0.013692,1,0.396,0.5,0.396,1
-0.19018,0.02779,0,-0.013817,1,0.397,0.5,0.397,1
-0.19046,0.027996,0,-0.013942,1,0.398,0.5,0.398,1
-0.19074,0.028202,0,-0.014067,1,0.399,0.5,0.399,1
-0.19102,0.028408,0,-0.014193,1,0.4,0.5,0.4,1
-0.19115,0.028678,0,-0.014357,1,0.401,0.5,0.401,1
-0.19127,0.028948,0,-0.014522,1,0.402,0.5,0.402,1
-0.1914,0.029218,0,-0.014686,1,0.403,0.5,0.403,1
-0.19153,0.029487,0,-0.014851,1,0.404,0.5,0.404,1
-0.19165,0.029757,0,-0.015016,1,0.405,0.5,0.405,1
-0.19178,0.030027,0,-0.01518,1,0.406,0.5,0.406,1
-0.1919,0.030297,0,-0.015345,1,0.407,0.5,0.407,1
-0.19203,0.030567,0,-0.015509,1,0.408,0.5,0.408,1
-0.19216,0.030836,0,-0.015674,1,0.409,0.5,0.409,1
-0.19228,0.031106,0,-0.015839,1,0.41,0.5,0.41,1
-0.19241,0.031376,0,-0.016003,1,0.411,0.5,0.411,1
-0.19253,0.031646,0,-0.016168,1,0.412,0.5,0.412,1
-0.19266,0.031915,0,-0.016332,1,0.413,0.5,0.413,1
-0.19279,0.032185,0,-0.016497,1,0.414,0.5,0.414,1
-0.19291,0.032455,0,-0.016662,1,0.415,0.5,0.415,1
-0.19304,0.032725,0,-0.016826,1,0.416,0.5,0.416,1
-0.19316,0.032994,0,-0.016991,1,0.417,0.5,0.417,1
-0.19329,0.033264,0,-0.017156,1,0.418,0.5,0.418,1
-0.19341,0.033534,0,-0.01732,1,0.419,0.5,0.419,1
-0.19354,0.033804,0,-0.017485,1,0.42,0.5,0.42,1
-0.19367,0.034073,0,-0.017649,1,0.421,0.5,0.421,1
-0.19379,0.034343,0,-0.017814,1,0.422,0.5,0.422,1
-0.19392,0.034613,0,-0.017979,1,0.423,0.5,0.423,1
-0.19404,0.034883,0,-0.018143,1,0.424,0.5,0.424,1
-0.19417,0.035152,0,-0.018308,1,0.425,0.5,0.425,1
-0.1943,0.035422,0,-0.018472,1,0.426,0.5,0.426,1
-0.19442,0.035692,0,-0.018637,1,0.427,0.5,0.427,1
-0.19455,0.035962,0,-0.018802,1,0.428,0.5,0.428,1
-0.19467,0.036231,0,-0.018966,1,0.429,0.5,0.429,1
-0.1948,0.036501,0,-0.019131,1,0.43,0.5,0.43,1
-0.19493,0.036771,0,-0.019295,1,0.431,0.5,0.431,1
-0.19505,0.037041,0,-0.01946,1,0.432,0.5,0.432,1
-0.19518,0.037311,0,-0.019625,1,0.433,0.5,0.433,1
-0.1953,0.03758,0,-0.019789,1,0.434,0.5,0.434,1
-0.19543,0.03785,0,-0.019954,1,0.435,0.5,0.435,1
-0.19556,0.03812,0,-0.020118,1,0.436,0.5,0.436,1
-0.19568,0.03839,0,-0.020283,1,0.437,0.5,0.437,1
-0.19581,0.038659,0,-0.020448,1,0.438,0.5,0.438,1
-0.19593,0.038929,0,-0.020612,1,0.439,0.5,0.439,1
-0.19606,0.039199,0,-0.020777,1,0.44,0.5,0.44,1
-0.19619,0.039469,0,-0.020942,1,0.441,0.5,0.441,1
-0.19631,0.039738,0,-0.021106,1,0.442,0.5,0.442,1
-0.19644,0.040008,0,-0.021271,1,0.443,0.5,0.443,1
-0.19656,0.040278,0,-0.021435,1,0.444,0.5,0.444,1
-0.19669,0.040548,0,-0.0216,1,0.445,0.5,0.445,1
-0.19682,0.040817,0,-0.021765,1,0.446,0.5,0.446,1
-0.19694,0.041087,0,-0.021929,1,0.447,0.5,0.447,1
-0.19707,0.041357,0,-0.022094,1,0.448,0.5,0.448,1
-0.19719,0.041627,0,-0.022258,1,0.449,0.5,0.449,1
-0.19732,0.041896,0,-0.022423,1,0.45,0.5,0.45,1
-0.19723,0.042219,0,-0.022623,1,0.451,0.5,0.451,1
-0.19715,0.042542,0,-0.022824,1,0.452,0.5,0.452,1
-0.19706,0.042864,0,-0.023024,1,0.453,0.5,0.453,1
-0.19697,0.043187,0,-0.023224,1,0.454,0.5,0.454,1
-0.19689,0.043509,0,-0.023425,1,0.455,0.5,0.455,1
-0.1968,0.043832,0,-0.023625,1,0.456,0.5,0.456,1
-0.19671,0.044154,0,-0.023826,1,0.457,0.5,0.457,1
-0.19663,0.044477,0,-0.024026,1,0.458,0.5,0.458,1
-0.19654,0.044799,0,-0.024226,1,0.459,0.5,0.459,1
-0.19645,0.045122,0,-0.024427,1,0.46,0.5,0.46,1
-0.19637,0.045444,0,-0.024627,1,0.461,0.5,0.461,1
-0.19628,0.045767,0,-0.024827,1,0.462,0.5,0.462,1
-0.19619,0.046089,0,-0.025028,1,0.463,0.5,0.463,1
-0.19611,0.046412,0,-0.025228,1,0.464,0.5,0.464,1
-0.19602,0.046734,0,-0.025429,1,0.465,0.5,0.465,1
-0.19594,0.047057,0,-0.025629,1,0.466,0.5,0.466,1
-0.19585,0.047379,0,-0.025829,1,0.467,0.5,0.467,1
-0.19576,0.047702,0,-0.02603,1,0.468,0.5,0.468,1
-0.19568,0.048024,0,-0.02623,1,0.469,0.5,0.469,1
-0.19559,0.048347,0,-0.02643,1,0.47,0.5,0.47,1
-0.1955,0.048669,0,-0.026631,1,0.471,0.5,0.471,1
-0.19542,0.048992,0,-0.026831,1,0.472,0.5,0.472,1
-0.19533,0.049314,0,-0.027032,1,0.473,0.5,0.473,1
-0.19524,0.049637,0,-0.027232,1,0.474,0.5,0.474,1
-0.19516,0.049959,0,-0.027432,1,0.475,0.5,0.475,1
-0.19507,0.050282,0,-0.027633,1,0.476,0.5,0.476,1
-0.19498,0.050604,0,-0.027833,1,0.477,0.5,0.477,1
-0.1949,0.050927,0,-0.028033,1,0.478,0.5,0.478,1
-0.19481,0.051249,0,-0.028234,1,0.479,0.5,0.479,1
-0.19472,0.051572,0,-0.028434,1,0.48,0.5,0.48,1
-0.19464,0.051894,0,-0.028635,1,0.481,0.5,0.481,1
-0.19455,0.052217,0,-0.028835,1,0.482,0.5,0.482,1
-0.19446,0.052539,0,-0.029035,1,0.483,0.5,0.483,1
-0.19438,0.052862,0,-0.029236,1,0.484,0.5,0.484,1
-0.19429,0.053185,0,-0.029436,1,0.485,0.5,0.485,1
-0.1942,0.053507,0,-0.029636,1,0.486,0.5,0.486,1
-0.19412,0.05383,0,-0.029837,1,0.487,0.5,0.487,1
-0.19403,0.054152,0,-0.030037,1,0.488,0.5,0.488,1
-0.19395,0.054475,0,-0.030238,1,0.489,0.5,0.489,1
-0.19386,0.054797,0,-0.030438,1,0.49,0.5,0.49,1
-0.19377,0.05512,0,-0.030638,1,0.491,0.5,0.491,1
-0.19369,0.055442,0,-0.030839,1,0.492,0.5,0.492,1
-0.1936,0.055765,0,-0.031039,1,0.493,0.5,0.493,1
-0.19351,0.056087,0,-0.031239,1,0.494,0.5,0.494,1
-0.19343,0.05641,0,-0.03144,1,0.495,0.5,0.495,1
-0.19334,0.056732,0,-0.03164,1,0.496,0.5,0.496,1
-0.19325,0.057055,0,-0.031841,1,0.497,0.5,0.497,1
-0.19317,0.057377,0,-0.032041,1,0.498,0.5,0.498,1
-0.19308,0.0577,0,-0.032241,1,0.499,0.5,0.499,1
-0.19299,0.058022,0,-0.032442,1,0.5,0.5,0.5,1
-0.19265,0.058372,0,-0.032665,1,0.501,0.5,0.501,1
-0.19231,0.058722,0,-0.032888,1,0.502,0.5,0.502,1
-0.19196,0.059072,0,-0.033112,1,0.503,0.5,0.503,1
-0.19162,0.059421,0,-0.033335,1,0.504,0.5,0.504,1
-0.19127,0.059771,0,-0.033559,1,0.505,0.5,0.505,1
-0.19093,0.060121,0,-0.033782,1,0.506,0.5,0.506,1
-0.19059,0.060471,0,-0.034005,1,0.507,0.5,0.507,1
-0.19024,0.06082,0,-0.034229,1,0.508,0.5,0.508,1
-0.1899,0.06117,0,-0.034452,1,0.509,0.5,0.509,1
-0.18956,0.06152,0,-0.034675,1,0.51,0.5,0.51,1
-0.18921,0.06187,0,-0.034899,1,0.511,0.5,0.511,1
-0.18887,0.062219,0,-0.035122,1,0.512,0.5,0.512,1
-0.18852,0.062569,0,-0.035346,1,0.513,0.5,0.513,1
-0.18818,0.062919,0,-0.035569,1,0.514,0.5,0.514,1
-0.18784,0.063269,0,-0.035792,1,0.515,0.5,0.515,1
-0.18749,0.063618,0,-0.036016,1,0.516,0.5,0.516,1
-0.18715,0.063968,0,-0.036239,1,0.517,0.5,0.517,1
-0.1868,0.064318,0,-0.036462,1,0.518,0.5,0.518,1
-0.18646,0.064668,0,-0.036686,1,0.519,0.5,0.519,1
-0.18612,0.065018,0,-0.036909,1,0.52,0.5,0.52,1
-0.18577,0.065367,0,-0.037133,1,0.521,0.5,0.521,1
-0.18543,0.065717,0,-0.037356,1,0.522,0.5,0.522,1
-0.18509,0.066067,0,-0.037579,1,0.523,0.5,0.523,1
-0.18474,0.066417,0,-0.037803,1,0.524,0.5,0.524,1
-0.1844,0.066766,0,-0.038026,1,0.525,0.5,0.525,1
-0.18405,0.067116,0,-0.038249,1,0.526,0.5,0.526,1
-0.18371,0.067466,0,-0.038473,1,0.527,0.5,0.527,1
-0.18337,0.067816,0,-0.038696,1,0.528,0.5,0.528,1
-0.18302,0.068165,0,-0.03892,1,0.529,0.5,0.529,1
-0.18268,0.068515,0,-0.039143,1,0.53,0.5,0.53,1
-0.18234,0.068865,0,-0.039366,1,0.531,0.5,0.531,1
-0.18199,0.069215,0,-0.03959,1,0.532,0.5,0.532,1
-0.18165,0.069564,0,-0.039813,1,0.533,0.5,0.533,1
-0.1813,0.069914,0,-0.040036,1,0.534,0.5,0.534,1
-0.18096,0.070264,0,-0.04026,1,0.535,0.5,0.535,1
-0.18062,0.070614,0,-0.040483,1,0.536,0.5,0.536,1
-0.18027,0.070964,0,-0.040707,1,0.537,0.5,0.537,1
-0.17993,0.071313,0,-0.04093,1,0.538,0.5,0.538,1
-0.17958,0.071663,0,-0.041153,1,0.539,0.5,0.539,1
-0.17924,0.072013,0,-0.041377,1,0.54,0.5,0.54,1
-0.1789,0.072363,0,-0.0416,1,0.541,0.5,0.541,1
-0.17855,0.072712,0,-0.041824,1,0.542,0.5,0.542,1
-0.17821,0.073062,0,-0.042047,1,0.543,0.5,0.543,1
-0.17787,0.073412,0,-0.04227,1,0.544,0.5,0.544,1
-0.17752,0.073762,0,-0.042494,1,0.545,0.5,0.545,1
-0.17718,0.074111,0,-0.042717,1,0.546,0.5,0.546,1
-0.17683,0.074461,0,-0.04294,1,0.547,0.5,0.547,1
-0.17649,0.074811,0,-0.043164,1,0.548,0.5,0.548,1
-0.17615,0.075161,0,-0.043387,1,0.549,0.5,0.549,1
-0.1758,0.075511,0,-0.043611,1,0.55,0.5,0.55,1
-0.17518,0.075848,0,-0.043835,1,0.551,0.5,0.551,1
-0.17456,0.076185,0,-0.04406,1,0.552,0.5,0.552,1
-0.17394,0.076522,0,-0.044285,1,0.553,0.5,0.553,1
-0.17332,0.07686,0,-0.04451,1,0.554,0.5,0.554,1
-0.1727,0.077197,0,-0.044735,1,0.555,0.5,0.555,1
-0.17208,0.077534,0,-0.04496,1,0.556,0.5,0.556,1
-0.17146,0.077871,0,-0.045184,1,0.557,0.5,0.557,1
-0.17085,0.078209,0,-0.045409,1,0.558,0.5,0.558,1
-0.17023,0.078546,0,-0.045634,1,0.559,0.5,0.559,1
-0.16961,0.078883,0,-0.045859,1,0.56,0.5,0.56,1
-0.16899,0.079221,0,-0.046084,1,0.561,0.5,0.561,1
-0.16837,0.079558,0,-0.046309,1,0.562,0.5,0.562,1
-0.16775,0.079895,0,-0.046534,1,0.563,0.5,0.563,1
-0.16713,0.080232,0,-0.046758,1,0.564,0.5,0.564,1
-0.16651,0.08057,0,-0.046983,1,0.565,0.5,0.565,1
-0.16589,0.080907,0,-0.047208,1,0.566,0.5,0.566,1
-0.16527,0.081244,0,-0.047433,1,0.567,0.5,0.567,1
-0.16465,0.081582,0,-0.047658,1,0.568,0.5,0.568,1
-0.16403,0.081919,0,-0.047883,1,0.569,0.5,0.569,1
-0.16341,0.082256,0,-0.048108,1,0.57,0.5,0.57,1
-0.16279,0.082593,0,-0.048332,1,0.571,0.5,0.571,1
-0.16217,0.082931,0,-0.048557,1,0.572,0.5,0.572,1
-0.16155,0.083268,0,-0.048782,1,0.573,0.5,0.573,1
-0.16093,0.083605,0,-0.049007,1,0.574,0.5,0.574,1
-0.16031,0.083943,0,-0.049232,1,0.575,0.5,0.575,1
-0.15969,0.08428,0,-0.049457,1,0.576,0.5,0.576,1
-0.15907,0.084617,0,-0.049681,1,0.577,0.5,0.577,1
-0.15845,0.084954,0,-0.049906,1,0.578,0.5,0.578,1
-0.15783,0.085292,0,-0.050131,1,0.579,0.5,0.579,1
-0.15721,0.085629,0,-0.050356,1,0.58,0.5,0.58,1
-0.15659,0.085966,0,-0.050581,1,0.581,0.5,0.581,1
-0.15597,0.086304,0,-0.050806,1,0.582,0.5,0.582,1
-0.15535,0.086641,0,-0.051031,1,0.583,0.5,0.583,1
-0.15473,0.086978,0,-0.051255,1,0.584,0.5,0.584,1
-0.15411,0.087315,0,-0.05148,1,0.585,0.5,0.585,1
-0.15349,0.087653,0,-0.051705,1,0.586,0.5,0.586,1
-0.15287,0.08799,0,-0.05193,1,0.587,0.5,0.587,1
-0.15225,0.088327,0,-0.052155,1,0.588,0.5,0.588,1
-0.15164,0.088665,0,-0.05238,1,0.589,0.5,0.589,1
-0.15102,0.089002,0,-0.052605,1,0.59,0.5,0.59,1
-0.1504,0.089339,0,-0.052829,1,0.591,0.5,0.591,1
-0.14978,0.089676,0,-0.053054,1,0.592,0.5,0.592,1
-0.14916,0.090014,0,-0.053279,1,0.593,0.5,0.593,1
-0.14854,0.090351,0,-0.053504,1,0.594,0.5,0.594,1
-0.14792,0.090688,0,-0.053729,1,0.595,0.5,0.595,1
-0.1473,0.091026,0,-0.053954,1,0.596,0.5,0.596,1
-0.14668,0.091363,0,-0.054178,1,0.597,0.5,0.597,1
-0.14606,0.0917,0,-0.054403,1,0.598,0.5,0.598,1
-0.14544,0.092037,0,-0.054628,1,0.599,0.5,0.599,1
-0.14482,0.092375,0,-0.054853,1,0.6,0.5,0.6,1
-0.14393,0.09265,0,-0.055053,1,0.601,0.5,0.601,1
-0.14305,0.092924,0,-0.055253,1,0.602,0.5,0.602,1
-0.14217,0.093199,0,-0.055452,1,0.603,0.5,0.603,1
-0.14128,0.093474,0,-0.055652,1,0.604,0.5,0.604,1
-0.1404,0.093749,0,-0.055852,1,0.605,0.5,0.605,1
-0.13951,0.094024,0,-0.056052,1,0.606,0.5,0.606,1
-0.13863,0.094299,0,-0.056251,1,0.607,0.5,0.607,1
-0.13775,0.094574,0,-0.056451,1,0.608,0.5,0.608,1
-0.13686,0.094849,0,-0.056651,1,0.609,0.5,0.609,1
-0.13598,0.095124,0,-0.056851,1,0.61,0.5,0.61,1
-0.13509,0.095399,0,-0.05705,1,0.611,0.5,0.611,1
-0.13421,0.095674,0,-0.05725,1,0.612,0.5,0.612,1
-0.13333,0.095949,0,-0.05745,1,0.613,0.5,0.613,1
-0.13244,0.096224,0,-0.05765,1,0.614,0.5,0.614,1
-0.13156,0.096498,0,-0.05785,1,0.615,0.5,0.615,1
-0.13068,0.096773,0,-0.058049,1,0.616,0.5,0.616,1
-0.12979,0.097048,0,-0.058249,1,0.617,0.5,0.617,1
-0.12891,0.097323,0,-0.058449,1,0.618,0.5,0.618,1
-0.12802,0.097598,0,-0.058649,1,0.619,0.5,0.619,1
-0.12714,0.097873,0,-0.058848,1,0.62,0.5,0.62,1
-0.12626,0.098148,0,-0.059048,1,0.621,0.5,0.621,1
-0.12537,0.098423,0,-0.059248,1,0.622,0.5,0.622,1
-0.12449,0.098698,0,-0.059448,1,0.623,0.5,0.623,1
-0.1236,0.098973,0,-0.059648,1,0.624,0.5,0.624,1
-0.12272,0.099248,0,-0.059847,1,0.625,0.5,0.625,1
-0.12184,0.099523,0,-0.060047,1,0.626,0.5,0.626,1
-0.12095,0.099797,0,-0.060247,1,0.627,0.5,0.627,1
-0.12007,0.10007,0,-0.060447,1,0.628,0.5,0.628,1
-0.11918,0.10035,0,-0.060646,1,0.629,0.5,0.629,1
-0.1183,0.10062,0,-0.060846,1,0.63,0.5,0.63,1
-0.11742,0.1009,0,-0.061046,1,0.631,0.5,0.631,1
-0.11653,0.10117,0,-0.061246,1,0.632,0.5,0.632,1
-0.11565,0.10145,0,-0.061445,1,0.633,0.5,0.633,1
-0.11476,0.10172,0,-0.061645,1,0.634,0.5,0.634,1
-0.11388,0.102,0,-0.061845,1,0.635,0.5,0.635,1
-0.113,0.10227,0,-0.062045,1,0.636,0.5,0.636,1
-0.11211,0.10255,0,-0.062245,1,0.637,0.5,0.637,1
-0.11123,0.10282,0,-0.062444,1,0.638,0.5,0.638,1
-0.11034,0.1031,0,-0.062644,1,0.639,0.5,0.639,1
-0.10946,0.10337,0,-0.062844,1,0.64,0.5,0.64,1
-0.10858,0.10365,0,-0.063044,1,0.641,0.5,0.641,1
-0.10769,0.10392,0,-0.063243,1,0.642,0.5,0.642,1
-0.10681,0.1042,0,-0.063443,1,0.643,0.5,0.643,1
-0.10592,0.10447,0,-0.063643,1,0.644,0.5,0.644,1
-0.10504,0.10475,0,-0.063843,1,0.645,0.5,0.645,1
-0.10416,0.10502,0,-0.064042,1,0.646,0.5,0.646,1
-0.10327,0.1053,0,-0.064242,1,0.647,0.5,0.647,1
-0.10239,0.10557,0,-0.064442,1,0.648,0.5,0.648,1
-0.1015,0.10585,0,-0.064642,1,0.649,0.5,0.649,1
-0.10062,0.10612,0,-0.064842,1,0.65,0.5,0.65,1
-0.099499,0.10628,0,-0.064991,1,0.651,0.5,0.651,1
-0.098378,0.10644,0,-0.065141,1,0.652,0.5,0.652,1
-0.097258,0.1066,0,-0.06529,1,0.653,0.5,0.653,1
-0.096137,0.10676,0,-0.06544,1,0.654,0.5,0.654,1
-0.095016,0.10691,0,-0.065589,1,0.655,0.5,0.655,1
-0.093895,0.10707,0,-0.065739,1,0.656,0.5,0.656,1
-0.092775,0.10723,0,-0.065888,1,0.657,0.5,0.657,1
-0.091654,0.10739,0,-0.066038,1,0.658,0.5,0.658,1
-0.090533,0.10755,0,-0.066187,1,0.659,0.5,0.659,1
-0.089412,0.10771,0,-0.066337,1,0.66,0.5,0.66,1
-0.088292,0.10787,0,-0.066486,1,0.661,0.5,0.661,1
-0.087171,0.10803,0,-0.066636,1,0.662,0.5,0.662,1
-0.08605,0.10818,0,-0.066785,1,0.663,0.5,0.663,1
-0.084929,0.10834,0,-0.066935,1,0.664,0.5,0.664,1
-0.083809,0.1085,0,-0.067085,1,0.665,0.5,0.665,1
-0.082688,0.10866,0,-0.067234,1,0.666,0.5,0.666,1
-0.081567,0.10882,0,-0.067384,1,0.667,0.5,0.667,1
-0.080446,0.10898,0,-0.067533,1,0.668,0.5,0.668,1
-0.079326,0.10914,0,-0.067683,1,0.669,0.5,0.669,1
-0.078205,0.1093,0,-0.067832,1,0.67,0.5,0.67,1
-0.077084,0.10945,0,-0.067982,1,0.671,0.5,0.671,1
-0.075963,0.10961,0,-0.068131,1,0.672,0.5,0.672,1
-0.074843,0.10977,0,-0.068281,1,0.673,0.5,0.673,1
-0.073722,0.10993,0,-0.06843,1,0.674,0.5,0.674,1
-0.072601,0.11009,0,-0.06858,1,0.675,0.5,0.675,1
-0.07148,0.11025,0,-0.068729,1,0.676,0.5,0.676,1
-0.070359,0.11041,0,-0.068879,1,0.677,0.5,0.677,1
-0.069239,0.11057,0,-0.069028,1,0.678,0.5,0.678,1
-0.068118,0.11073,0,-0.069178,1,0.679,0.5,0.679,1
-0.066997,0.11088,0,-0.069327,1,0.68,0.5,0.68,1
-0.065876,0.11104,0,-0.069477,1,0.681,0.5,0.681,1
-0.064756,0.1112,0,-0.069627,1,0.682,0.5,0.682,1
-0.063635,0.11136,0,-0.069776,1,0.683,0.5,0.683,1
-0.062514,0.11152,0,-0.069926,1,0.684,0.5,0.684,1
-0.061393,0.11168,0,-0.070075,1,0.685,0.5,0.685,1
-0.060273,0.11184,0,-0.070225,1,0.686,0.5,0.686,1
-0.059152,0.112,0,-0.070374,1,0.687,0.5,0.687,1
-0.058031,0.11215,0,-0.070524,1,0.688,0.5,0.688,1
-0.05691,0.11231,0,-0.070673,1,0.689,0.5,0.689,1
-0.05579,0.11247,0,-0.070823,1,0.69,0.5,0.69,1
-0.054669,0.11263,0,-0.070972,1,0.691,0.5,0.691,1
-0.053548,0.11279,0,-0.071122,1,0.692,0.5,0.692,1
-0.052427,0.11295,0,-0.071271,1,0.693,0.5,0.693,1
-0.051307,0.11311,0,-0.071421,1,0.694,0.5,0.694,1
-0.050186,0.11327,0,-0.07157,1,0.695,0.5,0.695,1
-0.049065,0.11342,0,-0.07172,1,0.696,0.5,0.696,1
-0.047944,0.11358,0,-0.07187,1,0.697,0.5,0.697,1
-0.046823,0.11374,0,-0.072019,1,0.698,0.5,0.698,1
-0.045703,0.1139,0,-0.072169,1,0.699,0.5,0.699,1
-0.044582,0.11406,0,-0.072318,1,0.7,0.5,0.7,1
-0.043227,0.11405,0,-0.0724,1,0.701,0.5,0.701,1
-0.041872,0.11404,0,-0.072482,1,0.702,0.5,0.702,1
-0.040517,0.11403,0,-0.072564,1,0.703,0.5,0.703,1
-0.039162,0.11403,0,-0.072645,1,0.704,0.5,0.704,1
-0.037807,0.11402,0,-0.072727,1,0.705,0.5,0.705,1
-0.036452,0.11401,0,-0.072809,1,0.706,0.5,0.706,1
-0.035097,0.114,0,-0.072891,1,0.707,0.5,0.707,1
-0.033742,0.11399,0,-0.072973,1,0.708,0.5,0.708,1
-0.032387,0.11398,0,-0.073054,1,0.709,0.5,0.709,1
-0.031032,0.11397,0,-0.073136,1,0.71,0.5,0.71,1
-0.029677,0.11397,0,-0.073218,1,0.711,0.5,0.711,1
-0.028322,0.11396,0,-0.0733,1,0.712,0.5,0.712,1
-0.026967,0.11395,0,-0.073382,1,0.713,0.5,0.713,1
-0.025612,0.11394,0,-0.073464,1,0.714,0.5,0.714,1
-0.024257,0.11393,0,-0.073545,1,0.715,0.5,0.715,1
-0.022902,0.11392,0,-0.073627,1,0.716,0.5,0.716,1
-0.021547,0.11392,0,-0.073709,1,0.717,0.5,0.717,1
-0.020192,0.11391,0,-0.073791,1,0.718,0.5,0.718,1
-0.018837,0.1139,0,-0.073873,1,0.719,0.5,0.719,1
-0.017481,0.11389,0,-0.073954,1,0.72,0.5,0.72,1
-0.016126,0.11388,0,-0.074036,1,0.721,0.5,0.721,1
-0.014771,0.11387,0,-0.074118,1,0.722,0.5,0.722,1
-0.013416,0.11386,0,-0.0742,1,0.723,0.5,0.723,1
-0.012061,0.11386,0,-0.074282,1,0.724,0.5,0.724,1
-0.010706,0.11385,0,-0.074364,1,0.725,0.5,0.725,1
-0.0093513,0.11384,0,-0.074445,1,0.726,0.5,0.726,1
-0.0079963,0.11383,0,-0.074527,1,0.727,0.5,0.727,1
-0.0066413,0.11382,0,-0.074609,1,0.728,0.5,0.728,1
-0.0052863,0.11381,0,-0.074691,1,0.729,0.5,0.729,1
-0.0039312,0.11381,0,-0.074773,1,0.73,0.5,0.73,1
-0.0025762,0.1138,0,-0.074854,1,0.731,0.5,0.731,1
-0.0012212,0.11379,0,-0.074936,1,0.732,0.5,0.732,1
0.00013379,0.11378,0,-0.075018,1,0.733,0.5,0.733,1
0.0014889,0.11377,0,-0.0751,1,0.734,0.5,0.734,1
0.0028439,0.11376,0,-0.075182,1,0.735,0.5,0.735,1
0.0041989,0.11375,0,-0.075263,1,0.736,0.5,0.736,1
0.0055539,0.11375,0,-0.075345,1,0.737,0.5,0.737,1
0.0069089,0.11374,0,-0.075427,1,0.738,0.5,0.738,1
0.008264,0.11373,0,-0.075509,1,0.739,0.5,0.739,1
0.009619,0.11372,0,-0.075591,1,0.74,0.5,0.74,1
0.010974,0.11371,0,-0.075673,1,0.741,0.5,0.741,1
0.012329,0.1137,0,-0.075754,1,0.742,0.5,0.742,1
0.013684,0.11369,0,-0.075836,1,0.743,0.5,0.743,1
0.015039,0.11369,0,-0.075918,1,0.744,0.5,0.744,1
0.016394,0.11368,0,-0.076,1,0.745,0.5,0.745,1
0.017749,0.11367,0,-0.076082,1,0.746,0.5,0.746,1
0.019104,0.11366,0,-0.076163,1,0.747,0.5,0.747,1
0.020459,0.11365,0,-0.076245,1,0.748,0.5,0.748,1
0.021814,0.11364,0,-0.076327,1,0.749,0.5,0.749,1
0.023169,0.11364,0,-0.076409,1,0.75,0.5,0.75,1
0.024857,0.11342,0,-0.076417,1,0.751,0.5,0.751,1
0.026545,0.1132,0,-0.076424,1,0.752,0.5,0.752,1
0.028233,0.11298,0,-0.076432,1,0.753,0.5,0.753,1
0.029921,0.11276,0,-0.07644,1,0.754,0.5,0.754,1
0.031609,0.11255,0,-0.076447,1,0.755,0.5,0.755,1
0.033297,0.11233,0,-0.076455,1,0.756,0.5,0.756,1
0.034985,0.11211,0,-0.076463,1,0.757,0.5,0.757,1
0.036673,0.11189,0,-0.07647,1,0.758,0.5,0.758,1
0.038361,0.11167,0,-0.076478,1,0.759,0.5,0.759,1
0.040049,0.11146,0,-0.076486,1,0.76,0.5,0.76,1
0.041737,0.11124,0,-0.076493,1,0.761,0.5,0.761,1
0.043425,0.11102,0,-0.076501,1,0.762,0.5,0.762,1
0.045113,0.1108,0,-0.076509,1,0.763,0.5,0.763,1
0.046801,0.11058,0,-0.076516,1,0.764,0.5,0.764,1
0.048489,0.11037,0,-0.076524,1,0.765,0.5,0.765,1
0.050177,0.11015,0,-0.076532,1,0.766,0.5,0.766,1
0.051865,0.10993,0,-0.076539,1,0.767,0.5,0.767,1
0.053553,0.10971,0,-0.076547,1,0.768,0.5,0.768,1
0.055241,0.10949,0,-0.076555,1,0.769,0.5,0.769,1
0.056929,0.10928,0,-0.076562,1,0.77,0.5,0.77,1
0.058617,0.10906,0,-0.07657,1,0.771,0.5,0.771,1
0.060305,0.10884,0,-0.076578,1,0.772,0.5,0.772,1
0.061993,0.10862,0,-0.076585,1,0.773,0.5,0.773,1
0.063681,0.1084,0,-0.076593,1,0.774,0.5,0.774,1
0.065369,0.10819,0,-0.076601,1,0.775,0.5,0.775,1
0.067057,0.10797,0,-0.076608,1,0.776,0.5,0.776,1
0.068745,0.10775,0,-0.076616,1,0.777,0.5,0.777,1
0.070432,0.10753,0,-0.076624,1,0.778,0.5,0.778,1
0.07212,0.10731,0,-0.076631,1,0.779,0.5,0.779,1
0.073808,0.1071,0,-0.076639,1,0.78,0.5,0.78,1
0.075496,0.10688,0,-0.076647,1,0.781,0.5,0.781,1
0.077184,0.10666,0,-0.076654,1,0.782,0.5,0.782,1
0.078872,0.10644,0,-0.076662,1,0.783,0.5,0.783,1
0.08056,0.10622,0,-0.07667,1,0.784,0.5,0.784,1
0.082248,0.10601,0,-0.076677,1,0.785,0.5,0.785,1
0.083936,0.10579,0,-0.076685,1,0.786,0.5,0.786,1
0.085624,0.10557,0,-0.076693,1,0.787,0.5,0.787,1
0.087312,0.10535,0,-0.0767,1,0.788,0.5,0.788,1
0.089,0.10513,0,-0.076708,1,0.789,0.5,0.789,1
0.090688,0.10491,0,-0.076716,1,0.79,0.5,0.79,1
0.092376,0.1047,0,-0.076724,1,0.791,0.5,0.791,1
0.094064,0.10448,0,-0.076731,1,0.792,0.5,0.792,1
0.095752,0.10426,0,-0.076739,1,0.793,0.5,0.793,1
0.09744,0.10404,0,-0.076747,1,0.794,0.5,0.794,1
0.099128,0.10382,0,-0.076754,1,0.795,0.5,0.795,1
0.10082,0.10361,0,-0.076762,1,0.796,0.5,0.796,1
0.1025,0.10339,0,-0.07677,1,0.797,0.5,0.797,1
0.10419,0.10317,0,-0.076777,1,0.798,0.5,0.798,1
0.10588,0.10295,0,-0.076785,1,0.799,0.5,0.799,1
0.10757,0.10273,0,-0.076793,1,0.8,0.5,0.8,1
0.10989,0.10229,0,-0.07673,1,0.801,0.5,0.801,1
0.11221,0.10184,0,-0.076667,1,0.802,0.5,0.802,1
0.11454,0.10139,0,-0.076604,1,0.803,0.5,0.803,1
0.11686,0.10095,0,-0.076541,1,0.804,0.5,0.804,1
0.11918,0.1005,0,-0.076478,1,0.805,0.5,0.805,1
0.1215,0.10005,0,-0.076415,1,0.806,0.5,0.806,1
0.12383,0.099607,0,-0.076352,1,0.807,0.5,0.807,1
0.12615,0.099161,0,-0.076289,1,0.808,0.5,0.808,1
0.12847,0.098714,0,-0.076227,1,0.809,0.5,0.809,1
0.1308,0.098267,0,-0.076164,1,0.81,0.5,0.81,1
0.13312,0.09782,0,-0.076101,1,0.811,0.5,0.811,1
0.13544,0.097374,0,-0.076038,1,0.812,0.5,0.812,1
0.13776,0.096927,0,-0.075975,1,0.813,0.5,0.813,1
0.14009,0.09648,0,-0.075912,1,0.814,0.5,0.814,1
0.14241,0.096033,0,-0.075849,1,0.815,0.5,0.815,1
0.14473,0.095587,0,-0.075786,1,0.816,0.5,0.816,1
0.14705,0.09514,0,-0.075723,1,0.817,0.5,0.817,1
0.14938,0.094693,0,-0.07566,1,0.818,0.5,0.818,1
0.1517,0.094246,0,-0.075598,1,0.819,0.5,0.819,1
0.15402,0.093799,0,-0.075535,1,0.82,0.5,0.82,1
0.15635,0.093353,0,-0.075472,1,0.821,0.5,0.821,1
0.15867,0.092906,0,-0.075409,1,0.822,0.5,0.822,1
0.16099,0.092459,0,-0.075346,1,0.823,0.5,0.823,1
0.16331,0.092012,0,-0.075283,1,0.824,0.5,0.824,1
0.16564,0.091566,0,-0.07522,1,0.825,0.5,0.825,1
0.16796,0.091119,0,-0.075157,1,0.826,0.5,0.826,1
0.17028,0.090672,0,-0.075094,1,0.827,0.5,0.827,1
0.1726,0.090225,0,-0.075032,1,0.828,0.5,0.828,1
0.17493,0.089779,0,-0.074969,1,0.829,0.5,0.829,1
0.17725,0.089332,0,-0.074906,1,0.83,0.5,0.83,1
0.17957,0.088885,0,-0.074843,1,0.831,0.5,0.831,1
0.1819,0.088438,0,-0.07478,1,0.832,0.5,0.832,1
0.18422,0.087991,0,-0.074717,1,0.833,0.5,0.833,1
0.18654,0.087545,0,-0.074654,1,0.834,0.5,0.834,1
0.18886,0.087098,0,-0.074591,1,0.835,0.5,0.835,1
0.19119,0.086651,0,-0.074528,1,0.836,0.5,0.836,1
0.19351,0.086204,0,-0.074466,1,0.837,0.5,0.837,1
0.19583,0.085758,0,-0.074403,1,0.838,0.5,0.838,1
0.19815,0.085311,0,-0.07434,1,0.839,0.5,0.839,1
0.20048,0.084864,0,-0.074277,1,0.84,0.5,0.84,1
0.2028,0.084417,0,-0.074214,1,0.841,0.5,0.841,1
0.20512,0.08397,0,-0.074151,1,0.842,0.5,0.842,1
0.20745,0.083524,0,-0.074088,1,0.843,0.5,0.843,1
0.20977,0.083077,0,-0.074025,1,0.844,0.5,0.844,1
0.21209,0.08263,0,-0.073962,1,0.845,0.5,0.845,1
0.21441,0.082183,0,-0.073899,1,0.846,0.5,0.846,1
0.21674,0.081737,0,-0.073837,1,0.847,0.5,0.847,1
0.21906,0.08129,0,-0.073774,1,0.848,0.5,0.848,1
0.22138,0.080843,0,-0.073711,1,0.849,0.5,0.849,1
0.22371,0.080396,0,-0.073648,1,0.85,0.5,0.85,1
0.22721,0.079773,0,-0.073525,1,0.851,0.5,0.851,1
0.23072,0.07915,0,-0.073401,1,0.852,0.5,0.852,1
0.23423,0.078526,0,-0.073278,1,0.853,0.5,0.853,1
0.23773,0.077903,0,-0.073155,1,0.854,0.5,0.854,1
0.24124,0.07728,0,-0.073031,1,0.855,0.5,0.855,1
0.24475,0.076657,0,-0.072908,1,0.856,0.5,0.856,1
0.24825,0.076033,0,-0.072785,1,0.857,0.5,0.857,1
0.25176,0.07541,0,-0.072661,1,0.858,0.5,0.858,1
0.25527,0.074787,0,-0.072538,1,0.859,0.5,0.859,1
0.25877,0.074163,0,-0.072415,1,0.86,0.5,0.86,1
0.26228,0.07354,0,-0.072291,1,0.861,0.5,0.861,1
0.26579,0.072917,0,-0.072168,1,0.862,0.5,0.862,1
0.2693,0.072294,0,-0.072045,1,0.863,0.5,0.863,1
0.2728,0.07167,0,-0.071921,1,0.864,0.5,0.864,1
0.27631,0.071047,0,-0.071798,1,0.865,0.5,0.865,1
0.27982,0.070424,0,-0.071675,1,0.866,0.5,0.866,1
0.28332,0.069801,0,-0.071551,1,0.867,0.5,0.867,1
0.28683,0.069177,0,-0.071428,1,0.868,0.5,0.868,1
0.29034,0.068554,0,-0.071305,1,0.869,0.5,0.869,1
0.29384,0.067931,0,-0.071181,1,0.87,0.5,0.87,1
0.29735,0.067307,0,-0.071058,1,0.871,0.5,0.871,1
0.30086,0.066684,0,-0.070935,1,0.872,0.5,0.872,1
0.30437,0.066061,0,-0.070811,1,0.873,0.5,0.873,1
0.30787,0.065438,0,-0.070688,1,0.874,0.5,0.874,1
0.31138,0.064814,0,-0.070565,1,0.875,0.5,0.875,1
0.31489,0.064191,0,-0.070441,1,0.876,0.5,0.876,1
0.31839,0.063568,0,-0.070318,1,0.877,0.5,0.877,1
0.3219,0.062944,0,-0.070195,1,0.878,0.5,0.878,1
0.32541,0.062321,0,-0.070071,1,0.879,0.5,0.879,1
0.32891,0.061698,0,-0.069948,1,0.88,0.5,0.88,1
0.33242,0.061075,0,-0.069825,1,0.881,0.5,0.881,1
0.33593,0.060451,0,-0.069701,1,0.882,0.5,0.882,1
0.33944,0.059828,0,-0.069578,1,0.883,0.5,0.883,1
0.34294,0.059205,0,-0.069455,1,0.884,0.5,0.884,1
0.34645,0.058581,0,-0.069331,1,0.885,0.5,0.885,1
0.34996,0.057958,0,-0.069208,1,0.886,0.5,0.886,1
0.35346,0.057335,0,-0.069085,1,0.887,0.5,0.887,1
0.35697,0.056712,0,-0.068961,1,0.888,0.5,0.888,1
0.36048,0.056088,0,-0.068838,1,0.889,0.5,0.889,1
0.36398,0.055465,0,-0.068715,1,0.89,0.5,0.89,1
0.36749,0.054842,0,-0.068591,1,0.891,0.5,0.891,1
0.371,0.054218,0,-0.068468,1,0.892,0.5,0.892,1
0.37451,0.053595,0,-0.068345,1,0.893,0.5,0.893,1
0.37801,0.052972,0,-0.068221,1,0.894,0.5,0.894,1
0.38152,0.052349,0,-0.068098,1,0.895,0.5,0.895,1
0.38503,0.051725,0,-0.067975,1,0.896,0.5,0.896,1
0.38853,0.051102,0,-0.067851,1,0.897,0.5,0.897,1
0.39204,0.050479,0,-0.067728,1,0.898,0.5,0.898,1
0.39555,0.049855,0,-0.067605,1,0.899,0.5,0.899,1
0.39905,0.049232,0,-0.067481,1,0.9,0.5,0.9,1
0.4043,0.048601,0,-0.067331,1,0.901,0.5,0.901,1
0.40955,0.047971,0,-0.06718,1,0.902,0.5,0.902,1
0.4148,0.04734,0,-0.06703,1,0.903,0.5,0.903,1
0.42005,0.046709,0,-0.066879,1,0.904,0.5,0.904,1
0.4253,0.046078,0,-0.066729,1,0.905,0.5,0.905,1
0.43055,0.045448,0,-0.066578,1,0.906,0.5,0.906,1
0.43579,0.044817,0,-0.066428,1,0.907,0.5,0.907,1
0.44104,0.044186,0,-0.066278,1,0.908,0.5,0.908,1
0.44629,0.043555,0,-0.066127,1,0.909,0.5,0.909,1
0.45154,0.042925,0,-0.065977,1,0.91,0.5,0.91,1
0.45679,0.042294,0,-0.065826,1,0.911,0.5,0.911,1
0.46204,0.041663,0,-0.065676,1,0.912,0.5,0.912,1
0.46728,0.041032,0,-0.065525,1,0.913,0.5,0.913,1
0.47253,0.040402,0,-0.065375,1,0.914,0.5,0.914,1
0.47778,0.039771,0,-0.065224,1,0.915,0.5,0.915,1
0.48303,0.03914,0,-0.065074,1,0.916,0.5,0.916,1
0.48828,0.038509,0,-0.064923,1,0.917,0.5,0.917,1
0.49353,0.037878,0,-0.064773,1,0.918,0.5,0.918,1
0.49878,0.037248,0,-0.064622,1,0.919,0.5,0.919,1
0.50402,0.036617,0,-0.064472,1,0.92,0.5,0.92,1
0.50927,0.035986,0,-0.064321,1,0.921,0.5,0.921,1
0.51452,0.035355,0,-0.064171,1,0.922,0.5,0.922,1
0.51977,0.034725,0,-0.06402,1,0.923,0.5,0.923,1
0.52502,0.034094,0,-0.06387,1,0.924,0.5,0.924,1
0.53027,0.033463,0,-0.063719,1,0.925,0.5,0.925,1
0.53551,0.032832,0,-0.063569,1,0.926,0.5,0.926,1
0.54076,0.032202,0,-0.063419,1,0.927,0.5,0.927,1
0.54601,0.031571,0,-0.063268,1,0.928,0.5,0.928,1
0.55126,0.03094,0,-0.063118,1,0.929,0.5,0.929,1
0.55651,0.030309,0,-0.062967,1,0.93,0.5,0.93,1
0.56176,0.029679,0,-0.062817,1,0.931,0.5,0.931,1
0.56701,0.029048,0,-0.062666,1,0.932,0.5,0.932,1
0.57225,0.028417,0,-0.062516,1,0.933,0.5,0.933,1
0.5775,0.027786,0,-0.062365,1,0.934,0.5,0.934,1
0.58275,0.027155,0,-0.062215,1,0.935,0.5,0.935,1
0.588,0.026525,0,-0.062064,1,0.936,0.5,0.936,1
0.59325,0.025894,0,-0.061914,1,0.937,0.5,0.937,1
0.5985,0.025263,0,-0.061763,1,0.938,0.5,0.938,1
0.60375,0.024632,0,-0.061613,1,0.939,0.5,0.939,1
0.60899,0.024002,0,-0.061462,1,0.94,0.5,0.94,1
0.61424,0.023371,0,-0.061312,1,0.941,0.5,0.941,1
0.61949,0.02274,0,-0.061161,1,0.942,0.5,0.942,1
0.62474,0.022109,0,-0.061011,1,0.943,0.5,0.943,1
0.62999,0.021479,0,-0.06086,1,0.944,0.5,0.944,1
0.63524,0.020848,0,-0.06071,1,0.945,0.5,0.945,1
0.64048,0.020217,0,-0.06056,1,0.946,0.5,0.946,1
0.64573,0.019586,0,-0.060409,1,0.947,0.5,0.947,1
0.65098,0.018956,0,-0.060259,1,0.948,0.5,0.948,1
0.65623,0.018325,0,-0.060108,1,0.949,0.5,0.949,1
0.66148,0.017694,0,-0.059958,1,0.95,0.5,0.95,1
0.66825,0.01734,0,-0.059882,1,0.951,0.5,0.951,1
0.67502,0.016986,0,-0.059807,1,0.952,0.5,0.952,1
0.68179,0.016632,0,-0.059732,1,0.953,0.5,0.953,1
0.68856,0.016279,0,-0.059657,1,0.954,0.5,0.954,1
0.69533,0.015925,0,-0.059581,1,0.955,0.5,0.955,1
0.7021,0.015571,0,-0.059506,1,0.956,0.5,0.956,1
0.70887,0.015217,0,-0.059431,1,0.957,0.5,0.957,1
0.71564,0.014863,0,-0.059356,1,0.958,0.5,0.958,1
0.72241,0.014509,0,-0.05928,1,0.959,0.5,0.959,1
0.72918,0.014155,0,-0.059205,1,0.96,0.5,0.96,1
0.73595,0.013801,0,-0.05913,1,0.961,0.5,0.961,1
0.74272,0.013447,0,-0.059055,1,0.962,0.5,0.962,1
0.74949,0.013094,0,-0.058979,1,0.963,0.5,0.963,1
0.75626,0.01274,0,-0.058904,1,0.964,0.5,0.964,1
0.76303,0.012386,0,-0.058829,1,0.965,0.5,0.965,1
0.76981,0.012032,0,-0.058754,1,0.966,0.5,0.966,1
0.77658,0.011678,0,-0.058678,1,0.967,0.5,0.967,1
0.78335,0.011324,0,-0.058603,1,0.968,0.5,0.968,1
0.79012,0.01097,0,-0.058528,1,0.969,0.5,0.969,1
0.79689,0.010616,0,-0.058452,1,0.97,0.5,0.97,1
0.80366,0.010263,0,-0.058377,1,0.971,0.5,0.971,1
0.81043,0.0099087,0,-0.058302,1,0.972,0.5,0.972,1
0.8172,0.0095548,0,-0.058227,1,0.973,0.5,0.973,1
0.82397,0.0092009,0,-0.058151,1,0.974,0.5,0.974,1
0.83074,0.008847,0,-0.058076,1,0.975,0.5,0.975,1
0.83751,0.0084932,0,-0.058001,1,0.976,0.5,0.976,1
0.84428,0.0081393,0,-0.057926,1,0.977,0.5,0.977,1
0.85105,0.0077854,0,-0.05785,1,0.978,0.5,0.978,1
0.85782,0.0074315,0,-0.057775,1,0.979,0.5,0.979,1
0.86459,0.0070776,0,-0.0577,1,0.98,0.5,0.98,1
0.87136,0.0067237,0,-0.057625,1,0.981,0.5,0.981,1
0.87813,0.0063699,0,-0.057549,1,0.982,0.5,0.982,1
0.8849,0.006016,0,-0.057474,1,0.983,0.5,0.983,1
0.89167,0.0056621,0,-0.057399,1,0.984,0.5,0.984,1
0.89844,0.0053082,0,-0.057324,1,0.985,0.5,0.985,1
0.90521,0.0049543,0,-0.057248,1,0.986,0.5,0.986,1
0.91198,0.0046005,0,-0.057173,1,0.987,0.5,0.987,1
0.91875,0.0042466,0,-0.057098,1,0.988,0.5,0.988,1
0.92553,0.0038927,0,-0.057023,1,0.989,0.5,0.989,1
0.9323,0.0035388,0,-0.056947,1,0.99,0.5,0.99,1
0.93907,0.0031849,0,-0.056872,1,0.991,0.5,0.991,1
0.94584,0.0028311,0,-0.056797,1,0.992,0.5,0.992,1
0.95261,0.0024772,0,-0.056722,1,0.993,0.5,0.993,1
0.95938,0.0021233,0,-0.056646,1,0.994,0.5,0.994,1
0.96615,0.0017694,0,-0.056571,1,0.995,0.5,0.995,1
0.97292,0.0014155,0,-0.056496,1,0.996,0.5,0.996,1
0.97969,0.0010617,0,-0.056421,1,0.997,0.5,0.997,1
0.98646,0.00070775,0,-0.056345,1,0.998,0.5,0.998,1
0.99323,0.00035388,0,-0.05627,1,0.999,0.5,0.999,1
1,0,0,-0.056195,1,1,0.5,1,1
